name,category,rating,review_count,address,phone,hours_status,website,review_snippet,search_query
HÃ´pital PrivÃ© d'Agadir,(283),3.0,283,"Avenue Ouarzazat
Ouvert 24h/24",05282-32366,Ouvert 24h/24,,"service excellent, je recommande vivement",elfara7 agadir hospitals
AKDITAL AGADIR - HÃ´pital International dâ€™Agadir,(575),3.1,575,"î¤´
Ouvert 24h/24",05282-07171,Ouvert 24h/24,,"propretÃ©, Ã©quipement, professionnalisme du personnel, rien a dire.",elfara7 agadir hospitals
Clinique Argana,(122),4.0,122,"Rue de la Foire
Ouvert 24h/24",+212 5288-25656,Ouvert 24h/24,,Excellente clinique avec un personnel a l'Ã©coute.,elfara7 agadir hospitals
CLINIQUE AL HOUDA,(164),2.8,164,"nÂ° 171, CF27+379 Ãlot A3
Ouvert 24h/24",05283-23030,Ouvert 24h/24,,La prise en charge Ã©tait rapide et efficace.,elfara7 agadir hospitals
Clinique Cheikh Saadi,(146),3.0,146,"132 Avenue Mohammed Cheikh SaÃ¢di
Ouvert 24h/24",05282-53535,Ouvert 24h/24,,Une Ã©quipe au top et rassurante avec un suivi assurÃ© pendant notre sÃ©jour.,elfara7 agadir hospitals
HÃ´pital Hassan II Agadir,(177),2.1,177,"î¤´
Ouvert 24h/24",+212 5288-41477,Ouvert 24h/24,,AprÃ¨s un avp ils ont fait plus que le nÃ©cessaire,elfara7 agadir hospitals
CENTRE INTERNATIONAL Dâ€™ONCOLOGIE Dâ€™AGADIR,(14),4.4,14,"Zone grande stade Route N 1
Ouvert 24h/24",05282-07272,Ouvert 24h/24,,,elfara7 agadir hospitals
Clinique Internationale,(163),4.3,163,"Illigh, Rue Elfid Quartier
Ouvert 24h/24",+212 5288-40808,Ouvert 24h/24,,Agreablement surprise par le service dâ€™urgence !!!,elfara7 agadir hospitals
Dr AMGHAR FATIHA Endocrinologue DiabÃ©tologue Nutritionniste - Agadir -Ø¹ÙŠØ§Ø¯Ø© Ø£Ù…Ø±Ø§Ø¶ Ø§Ù„ØºØ¯Ø¯ØŒØ§Ù„Ø³ÙƒØ±ÙŠ ØŒØ§Ù„ØªØºØ°ÙŠØ©-,(83),4.7,83,"Imm Fleurida N 52,5 Ã¨me Ã©tage,Place des Taxis, Av. Hassan II
Ferme bientÃ´t â‹… 12:30 â‹… Rouvre Ã  14:30",05282-22244,,,"Excellent mÃ©decin , bon suivi et bon acompaniement a ses patients",elfara7 agadir hospitals
Dr Anoir et Dr Farah,(6),5.0,6,+212 5288-42957,+212 5288-42957,Ouvert actuellement,,,elfara7 agadir doctors
Doctori,(32),3.7,32,"3Ã¨me Ã©tage, Immeuble Marhaba, Ave du 29 Fevrier
Ouvert 24h/24",+212 5288-28778,Ouvert 24h/24,,,elfara7 agadir doctors
Docteur Aboufalou Zahra,(181),5.0,181,"Appartement 1, 14 Rue Al Farabi
Ouvert â‹… Ferme Ã  15:00",0637-980045,Ouvert,,,elfara7 agadir doctors
Cabinet MÃ©decine GÃ©nÃ©rale Dr Nabih Rokia Ø¹ÙŠØ§Ø¯Ø© Ø·Ø¨ÙŠØ© Ø§Ù„Ø¯ÙƒØªÙˆØ±Ø© Ù†Ø¨ÙŠÙ‡ Ø±Ù‚ÙŠØ©,(19),4.3,19,"numÃ©ro 2, Immeuble Sarour, Avenue Mohammed Cheikh SaÃ¢di
Ouvert â‹… Ferme Ã  18:30",0661-143545,Ouvert,,"TrÃ¨s compÃ©tente et Ã  l'Ã©coute
Je recommende vivement",elfara7 agadir doctors
cabinet Dr.Bouchra hafidy mÃ©decin gÃ©nÃ©raliste,(62),4.7,62,"71 Ave Ghandi
Ouvert â‹… Ferme Ã  15:30",05282-12424,Ouvert,,"MÃ©decine trÃ¨s trÃ¨s compÃ©tente, je recommande vivement",elfara7 agadir doctors
Dr BOUFOUS Brahim,(17),4.4,17,"NÂ° 105 IMMEUBLE IBN ZOHR B, Rue Oued Ziz
Ouvert â‹… Ferme Ã  18:00",05282-92939,Ouvert,,Mon prÃ©fÃ¨re,elfara7 agadir doctors
Cabinet mÃ©dical Dr SALOUT Rachid,(31),4.9,31,"1er Ã©tageØŒ 3279 avenue Casablanca Hay mohammadi (au dessus de Wafacash appartement nÂ°1
Ouvert â‹… Ferme Ã  13:00 â‹… Rouvre Ã  14:00",0525-072138,Ouvert,,,elfara7 agadir doctors
Dr ouadi hinde,(17),4.8,17,"1er etage nÂ°1945
Ouvert actuellement",05282-91694,Ouvert actuellement,,L'un des meilleurs mÃ©decins gÃ©nÃ©ralistes d'Agadir,elfara7 agadir doctors
Ø¹ÙŠØ§Ø¯Ø© Ø·Ø¨ Ùˆ Ø¬Ø±Ø§Ø­Ø© Ø§Ù„Ø¹ÙŠÙˆÙ† Cabinet d'ophtalmologie Dr ALLITI Faiza,(35),5.0,35,"3 Ã¨me Ã©tage,bureau 7, BORJ ELHAY
Ouvert â‹… Ferme Ã  17:30",05282-13867,Ouvert,,"J'ai Ã©tÃ© trÃ¨s satisfait,",elfara7 agadir doctors
Clinique Tilila,(238),2.4,238,"Sidi oujaj citÃ© hÃ©ritier sidi, Mohamed Ouazzani
Ouvert 24h/24",05282-30202,Ouvert 24h/24,,"Pris en charge immÃ©diatement , diagnostic prÃ©cis, trÃ¨s bien",elfara7 agadir doctors
centre dentaire al wafa (Dr Labhar Mohammed ),(15),5.0,15,"N 231 1ere etage avenue abd errahim bouabid, Rue alhamra
Ouvert â‹… Ferme Ã  16:00",05282-92816,Ouvert,,"Service professionnel,",elfara7 agadir doctors
Dr. Rami MONEM Ophtalmologie Agadir Bay agrÃ©e pour Permis de conduire,(107),5.0,107,"C105, 1er Ã©tage, Agadir Bay Founty Technopole 1 Bloc C
Ouvert â‹… Ferme Ã  13:00 â‹… Rouvre Ã  15:00",05282-32845,Ouvert,,,elfara7 agadir doctors
Clinique Tifaoute,(46),2.4,46,"CCG5+6PH
Ouvert â‹… Ferme Ã  20:00",+212 5288-27504,Ouvert,,TrÃ¨s belle,elfara7 agadir clinics
Clinique Ophtalmologie Tifaoute,(26),2.1,26,"Boulevard Mohammed Cheikh Saadi
Ouvert â‹… Ferme Ã  20:00",+212 5288-27504,Ouvert,,,elfara7 agadir clinics
Elixir Clinic Esthetic,(113),4.8,113,"en face du siÃ¨ge de CIH, Immeuble A16, 2Ã¨me Ã©tage, Bureau 202 Sonaba
Ouvert â‹… Ferme Ã  19:00",0666-947293,Ouvert,,L'Ã©quipe est professionnelle et compÃ©tente.,elfara7 agadir clinics
ITA HAY EL FARAH FARAH,(8),3.6,8,"9CWR+63G
Ouvert â‹… Ferme Ã  18:30",,Ouvert,,,elfara7 agadir clinics
Skin & Slim Clinic,(164),4.8,164,"Bloc B, Bureau BB202, Technopole 2 Agadir Bay
Ferme bientÃ´t â‹… 12:30 â‹… Rouvre Ã  15:00",0618-542473,,,"Je recommande Ã  100% ce centre, je recommande Ã  1000% leur Ã©pilation laser.",elfara7 agadir clinics
Ameublement Al Farah agadir,(6),5.0,6,"Rue Fa 11
Ouvert â‹… Ferme Ã  20:30",0667-520044,Ouvert,,Je recommande fortement ğŸ‘ŒğŸ»â¤ï¸,elfara7 agadir clinics
"Cabinet Centre Dakhla de KinÃ©sithÃ©rapie, Amincissement et Ã‰pilation Laser - Agadir",(20),4.8,20,"1er Ã©tage, N 1, immeuble 14 rue el farabi
Ouvert â‹… Ferme Ã  20:00",0664-006629,Ouvert,,"Le personnel est professionnel, attentionnÃ© et Ã  lâ€™Ã©coute de chaque patient.",elfara7 agadir clinics
Clinique Chifa,(28),3.5,28,"Rte de la gare
Ouvert 24h/24",+212 5288-32624,Ouvert 24h/24,,"Il y a la compÃ©tence ğŸ‘ğŸ‘ğŸ‘ğŸ‘ğŸ‘
Je recommande",elfara7 agadir clinics
New face beauty lounge,(44),4.9,44,"New face beauty lounge
Ouvert â‹… Ferme Ã  21:00",0677-060831,Ouvert,,Je recommande lâ€™institut !!,elfara7 agadir clinics
Dr Bennani N. Bouchra,(59),4.6,59,"3Ã¨me Ã©tage, B307, Immeuble Salam Center, Rue de Fes
Ouvert â‹… Ferme Ã  15:00",05282-28585,Ouvert,,"Excellent mÃ©decin, compÃ©tente et Ã  l'Ã©coute des ses patients.",elfara7 agadir clinics
Clinique lumiÃ¨re des yeux Ù…ØµØ­Ø© Ù†ÙˆØ± Ø§Ù„Ø¹ÙŠÙˆÙ†,(104),2.7,104,"NÂ°5625 FKIH BENSALAH HAY MOHAMMADI AGADIR Ø±Ù‚Ù… Ù¥Ù¦Ù¢Ù¥ Ø´Ø§Ø±Ø¹ Ø§Ù„ÙÙ‚ÙŠÙ‡ Ø¨Ù† ØµØ§Ù„Ø­, Ø§ÙƒØ§Ø¯ÙŠØ±
Ouvert â‹… Ferme Ã  15:30",05282-01047,Ouvert,,"Excellent lieu de mÃ©decine des yeux, mais pour l'administratif zÃ©ro.",elfara7 agadir clinics
Para. MÃ©dical,(3),5.0,3,"CCHF+R26, Rue Imam Malik
Ouvert â‹… Ferme Ã  19:30",0773-058557,Ouvert,,Excelent service et bons prix,elfara7 agadir medical centers
ParamÃ©dical,(5),5.0,5,"CCH4+6X8 nouvelle Ville Abdelilah Moulay, Av 166Number
Ouvert â‹… Ferme Ã  00:00",0661-066636,Ouvert,,,elfara7 agadir medical centers
Polyclinique de la CNSS,(213),3.2,213,"CCG5+XRG, Av. GÃ©nÃ©ral Kettani â€“ BP 41
Ouvert 24h/24",+212 5288-46623,Ouvert 24h/24,,Excellent merci docteur ORL.,elfara7 agadir medical centers
Centre De Radiologie Alhakim D'Agadir,(54),3.6,54,"2Â°Et, Imm. Oumlil Av. Hassan II
Ouvert â‹… Ferme Ã  19:00",+212 5288-40818,Ouvert,,"L accueil , les techniciens et l Ã©quipement dans ce cabinet sont excellents.",elfara7 agadir medical centers
Parapharmacie galerie de talborjt,(27),3.8,27,"NÂ° 1 Imm SOROUR, Boulevard Mohammed Cheikh Saadi
Ouvert â‹… Ferme Ã  22:00",+212 5288-48402,Ouvert,,Service professionnels,elfara7 agadir medical centers
Hoffmann Para Talborjt,(7),5.0,7,"CCC4+C6X Dar Raiss, NÂ°2 Ave du 29 Fevrier
Ouvert â‹… Ferme Ã  21:00",+212 5288-41662,Ouvert,,"Service plus qualitÃ© ğŸ‘ŒğŸ‘ğŸ‘ğŸ‘
Personnel Ã  lâ€™Ã©coute ğŸ˜ğŸ˜",elfara7 agadir medical centers
dispensaire de santÃ©,(1),5.0,1,"CF3F+Q88, Avenue Tamsoult",,,,Un trÃ¨s beau guide,elfara7 agadir medical centers
Dr Zhiri Hind gynÃ©cologie-obstÃ©trique Ø§Ù„Ø¯ÙƒØªÙˆØ±Ø© Ù‡Ù†Ø¯ Ø§Ù„Ø²Ù‡ÙŠØ±ÙŠ,(76),4.5,76,"bureau 44, Immeuble Titrite, Av. Hassan II
Ouvert â‹… Ferme Ã  16:30",+212 5288-26162,Ouvert,,Docteur professionnelle Ã  l'Ã©coute je la recommande,elfara7 agadir medical centers
